partner_name,event_id,estimated_revenue_idr,leakage_amount_idr,leakage_percentage
AT&T,596,271456331.2793325,16976494.518044636,6.253858378633864
CSL,605,276222563.6906046,13238238.359950125,4.7925984695364
Maxis,580,271581392.2525486,17245560.054566342,6.350052156198307
Singtel,619,299556850.8816779,9131363.718529353,3.0482907306754115
Vodafone,600,258043665.49980155,12586329.40838534,4.87759673697358
